aktsverki@arhgsen.atnet.ru			aktsverki/
alekseeva_lg@arhgsen.atnet.ru			alekseeva_lg/
arhepid@arhgsen.atnet.ru			arhepid/
baklab@arhgsen.atnet.ru				baklab/
bank@arhgsen.atnet.ru				bank/
blank@arhgsen.atnet.ru				blank/
bryuhacheva_mv@arhgsen.atnet.ru			bryuhacheva_mv/
buxgalt@arhgsen.atnet.ru			buxgalt/
dogovor@arhgsen.atnet.ru			dogovor/
epid@arhgsen.atnet.ru				epid/
filialkadry@arhgsen.atnet.ru			filialkadry/
galaburda_ov@arhgsen.atnet.ru			galaburda_ov/
gigobr@arhgsen.atnet.ru				gigobr/
glav@arhgsen.atnet.ru				glav/
ivanova@arhgsen.atnet.ru			ivanova/
kadry@arhgsen.atnet.ru				kadry/
kanc@arhgsen.atnet.ru				kanc/
kassa@arhgsen.atnet.ru				kassa/
klinkovskaya_ev@arhgsen.atnet.ru		klinkovskaya_ev/
kodirovka@arhgsen.atnet.ru			kodirovka/
Konopleva_YV@arhgsen.atnet.ru			konopleva_yv/
koroleva@arhgsen.atnet.ru			koroleva/
kovzhina_sl@arhgsen.atnet.ru			kovzhina_sl/
kss@arhgsen.atnet.ru				kss/
labooi@arhgsen.atnet.ru				labooi/
monitoring@arhgsen.atnet.ru			monitoring/
ooi@arhgsen.atnet.ru				ooi/
orgotdel@arhgsen.atnet.ru			orgotdel/
ossredstva@arhgsen.atnet.ru			ossredstva/
postmaster@arhgsen.atnet.ru			postmaster/
prodoc@arhgsen.atnet.ru				prodoc/
program@arhgsen.atnet.ru			program/
radgig@arhgsen.atnet.ru				radgig/
revizor@arhgsen.atnet.ru			revizor/
sanlab@arhgsen.atnet.ru				sanlab/
sanotdel@arhgsen.atnet.ru			sanotdel/
serw@arhgsen.atnet.ru				serw/
shungina_ng@arhgsen.atnet.ru			shungina_ng/
sumkin_eg@arhgsen.atnet.ru			sumkin_eg/
supalova_na@arhgsen.atnet.ru			supalova_na/
vakcina@arhgsen.atnet.ru			vakcina/
virlab@arhgsen.atnet.ru				virlab/
yurist@arhgsen.atnet.ru				yurist/
zarplata@arhgsen.atnet.ru			zarplata/
dez@arhgsen.atnet.ru				dez/
hozotdel@arhgsen.atnet.ru			hozotdel/
ibryanov_ru@arhgsen.atnet.ru	ibryanov_ru/
